{"cameraMode":{"drawMode":0,"name":"Shaded","section":"Shading Mode"},"sceneLighting":true,"audioPlay":false,"sceneViewState":{"showFog":true,"showMaterialUpdate":false,"showSkybox":true,"showFlares":true,"showImageEffects":true,"showParticleSystems":true},"in2DMode":false,"pivot":{"x":-53.535274505615237,"y":-48.29377365112305,"z":65.51512908935547},"rotation":{"x":-0.22772718966007234,"y":0.37300026416778567,"z":-0.09496836364269257,"w":-0.8944283723831177},"size":142.40892028808595,"orthographic":false}