{"cameraMode":{"drawMode":0,"name":"Shaded","section":"Shading Mode"},"sceneLighting":true,"audioPlay":false,"sceneViewState":{"showFog":true,"showMaterialUpdate":false,"showSkybox":true,"showFlares":true,"showImageEffects":true,"showParticleSystems":true},"in2DMode":false,"pivot":{"x":-4.44835901260376,"y":-5.222952842712402,"z":15.139666557312012},"rotation":{"x":-0.12066973745822907,"y":0.11645767837762833,"z":-0.014256210066378117,"w":-0.9857375025749207},"size":32.236995697021487,"orthographic":false}